<?xml version="1.0" encoding="UTF-8"?>
<GenRun Id="impl_1" LaunchPart="xc7k325tffg900-2" LaunchTime="1581083459">
  <File Type="PA-TCL" Name="gtx_sma_exdes.tcl"/>
  <File Type="REPORTS-TCL" Name="gtx_sma_exdes_reports.tcl"/>
  <File Type="OPT-DCP" Name="gtx_sma_exdes_opt.dcp"/>
  <File Type="OPT-DRC" Name="gtx_sma_exdes_drc_opted.rpt"/>
  <File Type="OPT-HWDEF" Name="gtx_sma_exdes.hwdef"/>
  <File Type="PWROPT-DCP" Name="gtx_sma_exdes_pwropt.dcp"/>
  <File Type="PLACE-DCP" Name="gtx_sma_exdes_placed.dcp"/>
  <File Type="PLACE-IO" Name="gtx_sma_exdes_io_placed.rpt"/>
  <File Type="PLACE-UTIL" Name="gtx_sma_exdes_utilization_placed.rpt"/>
  <File Type="PLACE-UTIL-PB" Name="gtx_sma_exdes_utilization_placed.pb"/>
  <File Type="PLACE-CTRL" Name="gtx_sma_exdes_control_sets_placed.rpt"/>
  <File Type="PLACE-PRE-SIMILARITY" Name="gtx_sma_exdes_incremental_reuse_pre_placed.rpt"/>
  <File Type="POSTPLACE-PWROPT-DCP" Name="gtx_sma_exdes_postplace_pwropt.dcp"/>
  <File Type="BITSTR-LTX" Name="gtx_sma_exdes.ltx"/>
  <File Type="WBT-USG" Name="usage_statistics_webtalk.html"/>
  <File Type="BG-BIT" Name="gtx_sma_exdes.bit"/>
  <File Type="ROUTE-BUS-SKEW" Name="gtx_sma_exdes_bus_skew_routed.rpt"/>
  <File Type="BITSTR-MSK" Name="gtx_sma_exdes.msk"/>
  <File Type="BG-BGN" Name="gtx_sma_exdes.bgn"/>
  <File Type="BG-BIN" Name="gtx_sma_exdes.bin"/>
  <File Type="RDI-RDI" Name="gtx_sma_exdes.vdi"/>
  <File Type="ROUTE-DRC-RPX" Name="gtx_sma_exdes_drc_routed.rpx"/>
  <File Type="ROUTE-BUS-SKEW-RPX" Name="gtx_sma_exdes_bus_skew_routed.rpx"/>
  <File Type="BG-DRC" Name="gtx_sma_exdes.drc"/>
  <File Type="POSTROUTE-PHYSOPT-DCP" Name="gtx_sma_exdes_postroute_physopt.dcp"/>
  <File Type="BITSTR-MMI" Name="gtx_sma_exdes.mmi"/>
  <File Type="BITSTR-SYSDEF" Name="gtx_sma_exdes.sysdef"/>
  <File Type="POSTROUTE-PHYSOPT-BLACKBOX-DCP" Name="gtx_sma_exdes_postroute_physopt_bb.dcp"/>
  <File Type="BITSTR-BMM" Name="gtx_sma_exdes_bd.bmm"/>
  <File Type="BITSTR-NKY" Name="gtx_sma_exdes.nky"/>
  <File Type="PHYSOPT-DCP" Name="gtx_sma_exdes_physopt.dcp"/>
  <File Type="BITSTR-RBT" Name="gtx_sma_exdes.rbt"/>
  <File Type="ROUTE-BUS-SKEW-PB" Name="gtx_sma_exdes_bus_skew_routed.pb"/>
  <File Type="ROUTE-CLK" Name="gtx_sma_exdes_clock_utilization_routed.rpt"/>
  <File Type="ROUTE-TIMING-RPX" Name="gtx_sma_exdes_timing_summary_routed.rpx"/>
  <File Type="ROUTE-TIMING-PB" Name="gtx_sma_exdes_timing_summary_routed.pb"/>
  <File Type="ROUTE-TIMINGSUMMARY" Name="gtx_sma_exdes_timing_summary_routed.rpt"/>
  <File Type="ROUTE-STATUS-PB" Name="gtx_sma_exdes_route_status.pb"/>
  <File Type="ROUTE-STATUS" Name="gtx_sma_exdes_route_status.rpt"/>
  <File Type="ROUTE-PWR-RPX" Name="gtx_sma_exdes_power_routed.rpx"/>
  <File Type="ROUTE-PWR-SUM" Name="gtx_sma_exdes_power_summary_routed.pb"/>
  <File Type="ROUTE-PWR" Name="gtx_sma_exdes_power_routed.rpt"/>
  <File Type="ROUTE-METHODOLOGY-DRC-PB" Name="gtx_sma_exdes_methodology_drc_routed.pb"/>
  <File Type="ROUTE-METHODOLOGY-DRC-RPX" Name="gtx_sma_exdes_methodology_drc_routed.rpx"/>
  <File Type="ROUTE-METHODOLOGY-DRC" Name="gtx_sma_exdes_methodology_drc_routed.rpt"/>
  <File Type="ROUTE-DRC-PB" Name="gtx_sma_exdes_drc_routed.pb"/>
  <File Type="ROUTE-DRC" Name="gtx_sma_exdes_drc_routed.rpt"/>
  <File Type="ROUTE-BLACKBOX-DCP" Name="gtx_sma_exdes_routed_bb.dcp"/>
  <File Type="ROUTE-DCP" Name="gtx_sma_exdes_routed.dcp"/>
  <File Type="ROUTE-ERROR-DCP" Name="gtx_sma_exdes_routed_error.dcp"/>
  <FileSet Name="sources" Type="DesignSrcs" RelSrcDir="$PSRCDIR/sources_1">
    <Filter Type="Srcs"/>
    <File Path="$PSRCDIR/sources_1/imports/example_design/support/gtx_sma_common.v">
      <FileInfo>
        <Attr Name="ImportPath" Val="$PPRDIR/../../../../ugrad_research/gtx_test/gtx_test.srcs/sources_1/ip/gtx_sma/gtx_sma/example_design/support/gtx_sma_common.v"/>
        <Attr Name="ImportTime" Val="1580916898"/>
        <Attr Name="UsedIn" Val="synthesis"/>
        <Attr Name="UsedIn" Val="implementation"/>
        <Attr Name="UsedIn" Val="simulation"/>
      </FileInfo>
    </File>
    <File Path="$PSRCDIR/sources_1/imports/example_design/support/gtx_sma_common_reset.v">
      <FileInfo>
        <Attr Name="ImportPath" Val="$PPRDIR/../../../../ugrad_research/gtx_test/gtx_test.srcs/sources_1/ip/gtx_sma/gtx_sma/example_design/support/gtx_sma_common_reset.v"/>
        <Attr Name="ImportTime" Val="1580916898"/>
        <Attr Name="UsedIn" Val="synthesis"/>
        <Attr Name="UsedIn" Val="implementation"/>
        <Attr Name="UsedIn" Val="simulation"/>
      </FileInfo>
    </File>
    <File Path="$PSRCDIR/sources_1/imports/example_design/gtx_sma_gt_frame_check.v">
      <FileInfo>
        <Attr Name="ImportPath" Val="$PPRDIR/../../../../ugrad_research/gtx_test/gtx_test.srcs/sources_1/ip/gtx_sma/gtx_sma/example_design/gtx_sma_gt_frame_check.v"/>
        <Attr Name="ImportTime" Val="1580916899"/>
        <Attr Name="UsedIn" Val="synthesis"/>
        <Attr Name="UsedIn" Val="implementation"/>
        <Attr Name="UsedIn" Val="simulation"/>
      </FileInfo>
    </File>
    <File Path="$PSRCDIR/sources_1/imports/example_design/gtx_sma_gt_frame_gen.v">
      <FileInfo>
        <Attr Name="ImportPath" Val="$PPRDIR/../../../../ugrad_research/gtx_test/gtx_test.srcs/sources_1/ip/gtx_sma/gtx_sma/example_design/gtx_sma_gt_frame_gen.v"/>
        <Attr Name="ImportTime" Val="1580916899"/>
        <Attr Name="UsedIn" Val="synthesis"/>
        <Attr Name="UsedIn" Val="implementation"/>
        <Attr Name="UsedIn" Val="simulation"/>
      </FileInfo>
    </File>
    <File Path="$PSRCDIR/sources_1/imports/example_design/support/gtx_sma_gt_usrclk_source.v">
      <FileInfo>
        <Attr Name="ImportPath" Val="$PPRDIR/../../../../ugrad_research/gtx_test/gtx_test.srcs/sources_1/ip/gtx_sma/gtx_sma/example_design/support/gtx_sma_gt_usrclk_source.v"/>
        <Attr Name="ImportTime" Val="1580916898"/>
        <Attr Name="UsedIn" Val="synthesis"/>
        <Attr Name="UsedIn" Val="implementation"/>
        <Attr Name="UsedIn" Val="simulation"/>
      </FileInfo>
    </File>
    <File Path="$PSRCDIR/sources_1/imports/example_design/support/gtx_sma_support.v">
      <FileInfo>
        <Attr Name="ImportPath" Val="$PPRDIR/../../../../ugrad_research/gtx_test/gtx_test.srcs/sources_1/ip/gtx_sma/gtx_sma/example_design/support/gtx_sma_support.v"/>
        <Attr Name="ImportTime" Val="1580916898"/>
        <Attr Name="UsedIn" Val="synthesis"/>
        <Attr Name="UsedIn" Val="implementation"/>
        <Attr Name="UsedIn" Val="simulation"/>
      </FileInfo>
    </File>
    <File Path="$PSRCDIR/sources_1/imports/example_design/gtx_sma_exdes.v">
      <FileInfo>
        <Attr Name="ImportPath" Val="$PPRDIR/../../../../ugrad_research/gtx_test/gtx_test.srcs/sources_1/ip/gtx_sma/gtx_sma/example_design/gtx_sma_exdes.v"/>
        <Attr Name="ImportTime" Val="1580916898"/>
        <Attr Name="UsedIn" Val="synthesis"/>
        <Attr Name="UsedIn" Val="implementation"/>
        <Attr Name="UsedIn" Val="simulation"/>
      </FileInfo>
    </File>
    <File Path="$PSRCDIR/sources_1/imports/example_design/gt_rom_init_rx.dat">
      <FileInfo>
        <Attr Name="ImportPath" Val="$PPRDIR/../../../../ugrad_research/gtx_test/gtx_test.srcs/sources_1/ip/gtx_sma/gtx_sma/example_design/gt_rom_init_rx.dat"/>
        <Attr Name="ImportTime" Val="1580916899"/>
        <Attr Name="UsedIn" Val="synthesis"/>
      </FileInfo>
    </File>
    <File Path="$PSRCDIR/sources_1/imports/example_design/gt_rom_init_tx.dat">
      <FileInfo>
        <Attr Name="ImportPath" Val="$PPRDIR/../../../../ugrad_research/gtx_test/gtx_test.srcs/sources_1/ip/gtx_sma/gtx_sma/example_design/gt_rom_init_tx.dat"/>
        <Attr Name="ImportTime" Val="1580916899"/>
        <Attr Name="UsedIn" Val="synthesis"/>
      </FileInfo>
    </File>
    <Config>
      <Option Name="DesignMode" Val="RTL"/>
      <Option Name="TopModule" Val="gtx_sma_exdes"/>
    </Config>
  </FileSet>
  <FileSet Name="constrs_in" Type="Constrs" RelSrcDir="$PSRCDIR/constrs_1">
    <Filter Type="Constrs"/>
    <File Path="$PSRCDIR/constrs_1/imports/example_design/gtx_sma_exdes.xdc">
      <FileInfo>
        <Attr Name="ImportPath" Val="$PPRDIR/../../../../ugrad_research/gtx_test/gtx_test.srcs/sources_1/ip/gtx_sma/gtx_sma/example_design/gtx_sma_exdes.xdc"/>
        <Attr Name="ImportTime" Val="1580916899"/>
        <Attr Name="UsedIn" Val="synthesis"/>
        <Attr Name="UsedIn" Val="implementation"/>
      </FileInfo>
    </File>
    <Config>
      <Option Name="ConstrsType" Val="XDC"/>
    </Config>
  </FileSet>
  <FileSet Name="utils" Type="Utils" RelSrcDir="$PSRCDIR/utils_1">
    <Filter Type="Utils"/>
    <Config>
      <Option Name="TopAutoSet" Val="TRUE"/>
    </Config>
  </FileSet>
  <Strategy Version="1" Minor="2">
    <StratHandle Name="Vivado Implementation Defaults" Flow="Vivado Implementation 2019"/>
    <Step Id="init_design"/>
    <Step Id="opt_design"/>
    <Step Id="power_opt_design"/>
    <Step Id="place_design"/>
    <Step Id="post_place_power_opt_design"/>
    <Step Id="phys_opt_design"/>
    <Step Id="route_design"/>
    <Step Id="post_route_phys_opt_design"/>
    <Step Id="write_bitstream"/>
  </Strategy>
  <BlockFileSet Type="BlockSrcs" Name="vio_0"/>
  <BlockFileSet Type="BlockSrcs" Name="ila_0"/>
  <BlockFileSet Type="BlockSrcs" Name="gtx_sma"/>
  <BlockFileSet Type="BlockSrcs" Name="ila_1"/>
</GenRun>
