<?xml version="1.0" encoding="UTF-8"?>
<GenRun Id="synth_1" LaunchPart="xc7k325tffg900-2" LaunchTime="1581083419">
  <File Type="PA-TCL" Name="gtx_sma_exdes.tcl"/>
  <File Type="REPORTS-TCL" Name="gtx_sma_exdes_reports.tcl"/>
  <File Type="RDS-RDS" Name="gtx_sma_exdes.vds"/>
  <File Type="RDS-UTIL" Name="gtx_sma_exdes_utilization_synth.rpt"/>
  <File Type="RDS-DCP" Name="gtx_sma_exdes.dcp"/>
  <File Type="RDS-UTIL-PB" Name="gtx_sma_exdes_utilization_synth.pb"/>
  <FileSet Name="sources" Type="DesignSrcs" RelSrcDir="$PSRCDIR/sources_1">
    <Filter Type="Srcs"/>
    <File Path="$PSRCDIR/sources_1/imports/example_design/support/gtx_sma_common.v">
      <FileInfo>
        <Attr Name="ImportPath" Val="$PPRDIR/../../../../ugrad_research/gtx_test/gtx_test.srcs/sources_1/ip/gtx_sma/gtx_sma/example_design/support/gtx_sma_common.v"/>
        <Attr Name="ImportTime" Val="1580916898"/>
        <Attr Name="UsedIn" Val="synthesis"/>
        <Attr Name="UsedIn" Val="implementation"/>
        <Attr Name="UsedIn" Val="simulation"/>
      </FileInfo>
    </File>
    <File Path="$PSRCDIR/sources_1/imports/example_design/support/gtx_sma_common_reset.v">
      <FileInfo>
        <Attr Name="ImportPath" Val="$PPRDIR/../../../../ugrad_research/gtx_test/gtx_test.srcs/sources_1/ip/gtx_sma/gtx_sma/example_design/support/gtx_sma_common_reset.v"/>
        <Attr Name="ImportTime" Val="1580916898"/>
        <Attr Name="UsedIn" Val="synthesis"/>
        <Attr Name="UsedIn" Val="implementation"/>
        <Attr Name="UsedIn" Val="simulation"/>
      </FileInfo>
    </File>
    <File Path="$PSRCDIR/sources_1/imports/example_design/gtx_sma_gt_frame_check.v">
      <FileInfo>
        <Attr Name="ImportPath" Val="$PPRDIR/../../../../ugrad_research/gtx_test/gtx_test.srcs/sources_1/ip/gtx_sma/gtx_sma/example_design/gtx_sma_gt_frame_check.v"/>
        <Attr Name="ImportTime" Val="1580916899"/>
        <Attr Name="UsedIn" Val="synthesis"/>
        <Attr Name="UsedIn" Val="implementation"/>
        <Attr Name="UsedIn" Val="simulation"/>
      </FileInfo>
    </File>
    <File Path="$PSRCDIR/sources_1/imports/example_design/gtx_sma_gt_frame_gen.v">
      <FileInfo>
        <Attr Name="ImportPath" Val="$PPRDIR/../../../../ugrad_research/gtx_test/gtx_test.srcs/sources_1/ip/gtx_sma/gtx_sma/example_design/gtx_sma_gt_frame_gen.v"/>
        <Attr Name="ImportTime" Val="1580916899"/>
        <Attr Name="UsedIn" Val="synthesis"/>
        <Attr Name="UsedIn" Val="implementation"/>
        <Attr Name="UsedIn" Val="simulation"/>
      </FileInfo>
    </File>
    <File Path="$PSRCDIR/sources_1/imports/example_design/support/gtx_sma_gt_usrclk_source.v">
      <FileInfo>
        <Attr Name="ImportPath" Val="$PPRDIR/../../../../ugrad_research/gtx_test/gtx_test.srcs/sources_1/ip/gtx_sma/gtx_sma/example_design/support/gtx_sma_gt_usrclk_source.v"/>
        <Attr Name="ImportTime" Val="1580916898"/>
        <Attr Name="UsedIn" Val="synthesis"/>
        <Attr Name="UsedIn" Val="implementation"/>
        <Attr Name="UsedIn" Val="simulation"/>
      </FileInfo>
    </File>
    <File Path="$PSRCDIR/sources_1/imports/example_design/support/gtx_sma_support.v">
      <FileInfo>
        <Attr Name="ImportPath" Val="$PPRDIR/../../../../ugrad_research/gtx_test/gtx_test.srcs/sources_1/ip/gtx_sma/gtx_sma/example_design/support/gtx_sma_support.v"/>
        <Attr Name="ImportTime" Val="1580916898"/>
        <Attr Name="UsedIn" Val="synthesis"/>
        <Attr Name="UsedIn" Val="implementation"/>
        <Attr Name="UsedIn" Val="simulation"/>
      </FileInfo>
    </File>
    <File Path="$PSRCDIR/sources_1/imports/example_design/gtx_sma_exdes.v">
      <FileInfo>
        <Attr Name="ImportPath" Val="$PPRDIR/../../../../ugrad_research/gtx_test/gtx_test.srcs/sources_1/ip/gtx_sma/gtx_sma/example_design/gtx_sma_exdes.v"/>
        <Attr Name="ImportTime" Val="1580916898"/>
        <Attr Name="UsedIn" Val="synthesis"/>
        <Attr Name="UsedIn" Val="implementation"/>
        <Attr Name="UsedIn" Val="simulation"/>
      </FileInfo>
    </File>
    <File Path="$PSRCDIR/sources_1/imports/example_design/gt_rom_init_rx.dat">
      <FileInfo>
        <Attr Name="ImportPath" Val="$PPRDIR/../../../../ugrad_research/gtx_test/gtx_test.srcs/sources_1/ip/gtx_sma/gtx_sma/example_design/gt_rom_init_rx.dat"/>
        <Attr Name="ImportTime" Val="1580916899"/>
        <Attr Name="UsedIn" Val="synthesis"/>
      </FileInfo>
    </File>
    <File Path="$PSRCDIR/sources_1/imports/example_design/gt_rom_init_tx.dat">
      <FileInfo>
        <Attr Name="ImportPath" Val="$PPRDIR/../../../../ugrad_research/gtx_test/gtx_test.srcs/sources_1/ip/gtx_sma/gtx_sma/example_design/gt_rom_init_tx.dat"/>
        <Attr Name="ImportTime" Val="1580916899"/>
        <Attr Name="UsedIn" Val="synthesis"/>
      </FileInfo>
    </File>
    <Config>
      <Option Name="DesignMode" Val="RTL"/>
      <Option Name="TopModule" Val="gtx_sma_exdes"/>
    </Config>
  </FileSet>
  <FileSet Name="constrs_in" Type="Constrs" RelSrcDir="$PSRCDIR/constrs_1">
    <Filter Type="Constrs"/>
    <File Path="$PSRCDIR/constrs_1/imports/example_design/gtx_sma_exdes.xdc">
      <FileInfo>
        <Attr Name="ImportPath" Val="$PPRDIR/../../../../ugrad_research/gtx_test/gtx_test.srcs/sources_1/ip/gtx_sma/gtx_sma/example_design/gtx_sma_exdes.xdc"/>
        <Attr Name="ImportTime" Val="1580916899"/>
        <Attr Name="UsedIn" Val="synthesis"/>
        <Attr Name="UsedIn" Val="implementation"/>
      </FileInfo>
    </File>
    <Config>
      <Option Name="ConstrsType" Val="XDC"/>
    </Config>
  </FileSet>
  <FileSet Name="utils" Type="Utils" RelSrcDir="$PSRCDIR/utils_1">
    <Filter Type="Utils"/>
    <Config>
      <Option Name="TopAutoSet" Val="TRUE"/>
    </Config>
  </FileSet>
  <Strategy Version="1" Minor="2">
    <StratHandle Name="Vivado Synthesis Defaults" Flow="Vivado Synthesis 2019"/>
    <Step Id="synth_design"/>
  </Strategy>
  <BlockFileSet Type="BlockSrcs" Name="vio_0"/>
  <BlockFileSet Type="BlockSrcs" Name="ila_0"/>
  <BlockFileSet Type="BlockSrcs" Name="gtx_sma"/>
  <BlockFileSet Type="BlockSrcs" Name="ila_1"/>
</GenRun>
