<?xml version="1.0" encoding="UTF-8"?>
<GenRun Id="gtx_sma_synth_1" LaunchPart="xc7k325tffg900-2" LaunchTime="1581083353">
  <File Type="RDS-RDS" Name="gtx_sma.vds"/>
  <File Type="REPORTS-TCL" Name="gtx_sma_reports.tcl"/>
  <File Type="PA-TCL" Name="gtx_sma.tcl"/>
  <File Type="RDS-UTIL" Name="gtx_sma_utilization_synth.rpt"/>
  <File Type="RDS-DCP" Name="gtx_sma.dcp"/>
  <File Type="RDS-UTIL-PB" Name="gtx_sma_utilization_synth.pb"/>
  <FileSet Name="sources" Type="BlockSrcs" RelSrcDir="$PSRCDIR/gtx_sma">
    <File Path="$PSRCDIR/sources_1/ip/gtx_sma/gtx_sma.xci">
      <FileInfo>
        <Attr Name="ImportPath" Val="$PPRDIR/../../../../ugrad_research/gtx_test/gtx_test.srcs/sources_1/ip/gtx_sma/gtx_sma.xci"/>
        <Attr Name="ImportTime" Val="1580916755"/>
        <Attr Name="UsedIn" Val="synthesis"/>
        <Attr Name="UsedIn" Val="implementation"/>
        <Attr Name="UsedIn" Val="simulation"/>
      </FileInfo>
    </File>
    <Config>
      <Option Name="TopModule" Val="gtx_sma"/>
      <Option Name="UseBlackboxStub" Val="1"/>
    </Config>
  </FileSet>
  <FileSet Name="constrs_in" Type="BlockSrcs" RelSrcDir="$PSRCDIR/gtx_sma">
    <File Path="$PSRCDIR/sources_1/ip/gtx_sma/gtx_sma.xci">
      <FileInfo>
        <Attr Name="ImportPath" Val="$PPRDIR/../../../../ugrad_research/gtx_test/gtx_test.srcs/sources_1/ip/gtx_sma/gtx_sma.xci"/>
        <Attr Name="ImportTime" Val="1580916755"/>
        <Attr Name="UsedIn" Val="synthesis"/>
        <Attr Name="UsedIn" Val="implementation"/>
        <Attr Name="UsedIn" Val="simulation"/>
      </FileInfo>
    </File>
    <Config>
      <Option Name="TopModule" Val="gtx_sma"/>
      <Option Name="UseBlackboxStub" Val="1"/>
    </Config>
  </FileSet>
  <FileSet Name="utils" Type="Utils" RelSrcDir="$PSRCDIR/utils_1">
    <Filter Type="Utils"/>
    <Config>
      <Option Name="TopAutoSet" Val="TRUE"/>
    </Config>
  </FileSet>
  <Strategy Version="1" Minor="2">
    <StratHandle Name="Vivado Synthesis Defaults" Flow="Vivado Synthesis 2019"/>
    <Step Id="synth_design"/>
  </Strategy>
</GenRun>
