<?xml version="1.0" encoding="UTF-8"?>
<GenRun Id="ila_1_synth_1" LaunchPart="xc7k325tffg900-2" LaunchTime="1580916988">
  <File Type="RDS-UTIL-PB" Name="ila_1_utilization_synth.pb"/>
  <File Type="RDS-DCP" Name="ila_1.dcp"/>
  <File Type="RDS-RDS" Name="ila_1.vds"/>
  <File Type="REPORTS-TCL" Name="ila_1_reports.tcl"/>
  <File Type="PA-TCL" Name="ila_1.tcl"/>
  <File Type="RDS-UTIL" Name="ila_1_utilization_synth.rpt"/>
  <FileSet Name="sources" Type="BlockSrcs" RelSrcDir="$PSRCDIR/ila_1">
    <File Path="$PSRCDIR/sources_1/ip/ila_1/ila_1.xci">
      <FileInfo>
        <Attr Name="ImportPath" Val="$PPRDIR/../../../../ugrad_research/gtx_sma_ex/gtx_sma_ex.srcs/sources_1/ip/ila_1/ila_1.xci"/>
        <Attr Name="ImportTime" Val="1580916935"/>
        <Attr Name="UsedIn" Val="synthesis"/>
        <Attr Name="UsedIn" Val="implementation"/>
        <Attr Name="UsedIn" Val="simulation"/>
      </FileInfo>
    </File>
    <Config>
      <Option Name="TopModule" Val="ila_1"/>
      <Option Name="UseBlackboxStub" Val="1"/>
    </Config>
  </FileSet>
  <FileSet Name="constrs_in" Type="BlockSrcs" RelSrcDir="$PSRCDIR/ila_1">
    <File Path="$PSRCDIR/sources_1/ip/ila_1/ila_1.xci">
      <FileInfo>
        <Attr Name="ImportPath" Val="$PPRDIR/../../../../ugrad_research/gtx_sma_ex/gtx_sma_ex.srcs/sources_1/ip/ila_1/ila_1.xci"/>
        <Attr Name="ImportTime" Val="1580916935"/>
        <Attr Name="UsedIn" Val="synthesis"/>
        <Attr Name="UsedIn" Val="implementation"/>
        <Attr Name="UsedIn" Val="simulation"/>
      </FileInfo>
    </File>
    <Config>
      <Option Name="TopModule" Val="ila_1"/>
      <Option Name="UseBlackboxStub" Val="1"/>
    </Config>
  </FileSet>
  <FileSet Name="utils" Type="Utils" RelSrcDir="$PSRCDIR/utils_1">
    <Filter Type="Utils"/>
    <Config>
      <Option Name="TopAutoSet" Val="TRUE"/>
    </Config>
  </FileSet>
  <Strategy Version="1" Minor="2">
    <StratHandle Name="Vivado Synthesis Defaults" Flow="Vivado Synthesis 2019"/>
    <Step Id="synth_design"/>
  </Strategy>
</GenRun>
